X,Y,fid,obcy,icon_url
18.9979217615892,49.8241561212871,"23",Obcy,./0.png
